USE master
GO

--Creating/Using Database
IF NOT EXISTS (SELECT name FROM sys.databases WHERE name = N'Trading_Journal')
BEGIN
    EXEC('CREATE DATABASE Trading_Journal');
END
GO

USE Trading_Journal
GO
--Creating/using First Table
IF NOT EXISTS(
SELECT *
	FROM INFORMATION_SCHEMA.TABLES 
    WHERE TABLE_NAME = 'USERS'
	)

BEGIN
	EXEC('
		CREATE TABLE USERS (
			UserID INT PRIMARY KEY IDENTITY(1,1), 
			FirstName NVARCHAR(40),
			LastName NVARCHAR(40),
			Age INT,
			Country NVARCHAR(40),
			City NVARCHAR(40),
			StartTradingDate DATE NOT NULL CHECK (StartTradingDate <= GETDATE()),
		 
		)'
	);
END
--Inserting data into Users
IF NOT EXISTS (SELECT 1 FROM Users)
BEGIN
INSERT INTO Users (FirstName, LastName, Age, Country, City, StartTradingDate)
VALUES 
('Daniel', 'Cohen', 23, 'Israel', 'Petah Tikva', '2023-02-14'),
('Sara', 'Levi', 31, 'Israel', 'Tel Aviv', '2022-07-01'),
('Avi', 'Mizrahi', 28, 'Israel', 'Ramat Gan', '2021-09-21'),
('Noa', 'Shalom', 34, 'Israel', 'Haifa', '2020-03-15'),
('David', 'Yosef', 27, 'USA', 'New York', '2021-01-10'),
('Maya', 'Barak', 24, 'USA', 'Chicago', '2023-06-19'),
('Omer', 'Green', 29, 'UK', 'London', '2022-11-05'),
('Eli', 'Ben Ami', 32, 'Canada', 'Toronto', '2021-04-22'),
('Roni', 'Dahan', 26, 'Germany', 'Berlin', '2023-01-30'),
('Tal', 'Hadad', 30, 'France', 'Paris', '2022-09-08'),
('Nina', 'Amar', 35, 'Australia', 'Sydney', '2020-12-12'),
('Tom', 'Weiss', 31, 'Netherlands', 'Amsterdam', '2021-03-14'),
('Gal', 'Aviv', 23, 'USA', 'Los Angeles', '2023-05-01'),
('Shai', 'Berg', 36, 'Israel', 'Jerusalem', '2020-08-18'),
('Lior', 'Katz', 25, 'UK', 'Manchester', '2022-06-09'),
('Dana', 'Sasson', 29, 'Israel', 'Holon', '2022-01-25'),
('Itay', 'Golan', 22, 'Israel', 'Bat Yam', '2023-02-20'),
('Hila', 'Nahum', 33, 'Spain', 'Barcelona', '2021-10-10'),
('Ben', 'Sharabi', 40, 'USA', 'Miami', '2019-04-01'),
('Tamar', 'Peretz', 21, 'Israel', 'Netanya', '2023-03-05');
END

--Creating/Using Second Table
IF NOT EXISTS( 
SELECT * 
    FROM INFORMATION_SCHEMA.TABLES 
    WHERE TABLE_NAME = 'Stocks' 
	)
BEGIN
    EXEC('
      CREATE TABLE Stocks (
		StockID INT PRIMARY KEY IDENTITY(1,1),
		Ticker NVARCHAR(10) UNIQUE,
		CompanyName NVARCHAR(100),
		Sector NVARCHAR(100),
		Industry NVARCHAR(100), 
		MarketCap BIGINT CHECK(MarketCap > 0),
		Exchange NVARCHAR(20), 
		Country NVARCHAR(30)
	
        )'
     );
END

--Inserting Data to Stocks
IF NOT EXISTS (SELECT 1 FROM Stocks)
BEGIN
INSERT INTO Stocks (Ticker, CompanyName, Sector, Industry, MarketCap, Exchange, Country)
VALUES
('TSLA', 'Tesla, Inc.', 'Consumer Discretionary', 'Motor Vehicles', 1110000000000, 'NASDAQ', 'USA'),
('AAPL', 'Apple Inc.', 'Information Technology', 'Consumer Electronics', 2900000000000, 'NASDAQ', 'USA'),
('MSFT', 'Microsoft Corporation', 'Information Technology', 'Software Infrastructure', 2800000000000, 'NASDAQ', 'USA'),
('AMZN', 'Amazon.com, Inc.', 'Consumer Discretionary', 'Internet Retail', 1700000000000, 'NASDAQ', 'USA'),
('GOOGL', 'Alphabet Inc.', 'Communication Services', 'Interactive Media', 2000000000000, 'NASDAQ', 'USA'),
('META', 'Meta Platforms, Inc.', 'Communication Services', 'Interactive Media', 1100000000000, 'NASDAQ', 'USA'),
('NFLX', 'Netflix, Inc.', 'Communication Services', 'Entertainment', 250000000000, 'NASDAQ', 'USA'),
('NVDA', 'NVIDIA Corporation', 'Information Technology', 'Semiconductors', 2700000000000, 'NASDAQ', 'USA'),
('INTC', 'Intel Corporation', 'Information Technology', 'Semiconductors', 150000000000, 'NASDAQ', 'USA'),
('AMD', 'Advanced Micro Devices, Inc.', 'Information Technology', 'Semiconductors', 170000000000, 'NASDAQ', 'USA'),
('PYPL', 'PayPal Holdings, Inc.', 'Financials', 'Consumer Finance', 100000000000, 'NASDAQ', 'USA'),
('UBER', 'Uber Technologies, Inc.', 'Industrials', 'Passenger Transportation', 120000000000, 'NYSE', 'USA'),
('BABA', 'Alibaba Group Holding Limited', 'Consumer Discretionary', 'Internet Retail', 210000000000, 'NYSE', 'China'),
('PFE', 'Pfizer Inc.', 'Health Care', 'Pharmaceuticals', 180000000000, 'NYSE', 'USA'),
('JNJ', 'Johnson & Johnson', 'Health Care', 'Pharmaceuticals', 430000000000, 'NYSE', 'USA'),
('KO', 'The Coca-Cola Company', 'Consumer Staples', 'Beverages', 260000000000, 'NYSE', 'USA'),
('NKE', 'NIKE, Inc.', 'Consumer Discretionary', 'Apparel, Footwear', 180000000000, 'NYSE', 'USA'),
('DIS', 'The Walt Disney Company', 'Communication Services', 'Entertainment', 160000000000, 'NYSE', 'USA'),
('XOM', 'Exxon Mobil Corporation', 'Energy', 'Oil & Gas', 440000000000, 'NYSE', 'USA'),
('CVX', 'Chevron Corporation', 'Energy', 'Oil & Gas', 310000000000, 'NYSE', 'USA');
END


--Creating/Using Third Table
IF NOT EXISTS( 
SELECT * 
    FROM INFORMATION_SCHEMA.TABLES 
    WHERE TABLE_NAME = 'StockPrices' 
	)
BEGIN
    EXEC('
        CREATE TABLE StockPrices (
		StockID INT NOT NULL,
		PriceDate DATE NOT NULL CHECK (PriceDate <= GETDATE()),
		OpenPrice DECIMAL(10, 2) CHECK(OpenPrice > 0),
		ClosePrice DECIMAL(10, 2) CHECK(ClosePrice > 0),
		PRIMARY KEY (StockID, PriceDate),
		CONSTRAINT FK_StockPrices_Stocks FOREIGN KEY (StockID) 
        REFERENCES Stocks(StockID)
        )'
    );
END

--Inserting Data
IF NOT EXISTS (SELECT 1 FROM StockPrices)
BEGIN
INSERT INTO StockPrices (StockID, PriceDate, OpenPrice, ClosePrice)
VALUES
(1, '2025-04-20', 487.85, 485.37),
(1, '2025-04-21', 477.4, 477.93),
(1, '2025-04-22', 483.37, 481.69),
(1, '2025-04-23', 469.56, 465.88),
(1, '2025-04-24', 481.36, 479.62),
(1, '2025-04-25', 479.62, 478.3),
(1, '2025-04-26', 482.87, 485.8),
(1, '2025-04-27', 468.46, 469.38),
(1, '2025-04-28', 485.65, 490.33),
(1, '2025-04-29', 468.51, 467.33),
(1, '2025-04-30', 474.14, 470.34),
(1, '2025-05-01', 473.83, 468.99),
(1, '2025-05-02', 486.14, 488.49),
(1, '2025-05-03', 483.67, 486.3),
(1, '2025-05-04', 481.98, 481.28),
(1, '2025-05-05', 482.27, 484.93),
(1, '2025-05-06', 481.36, 484.6),
(1, '2025-05-07', 477.43, 476.62),
(1, '2025-05-08', 473.15, 475.21),
(1, '2025-05-09', 485.41, 486.35),
(1, '2025-05-10', 486.74, 483.18),
(1, '2025-05-11', 469.86, 469.54),
(1, '2025-05-12', 472.36, 468.54),
(1, '2025-05-13', 480.58, 478.24),
(1, '2025-05-14', 469.31, 472.37),
(1, '2025-05-15', 468.04, 466.35),
(1, '2025-05-16', 480.51, 485.36),
(1, '2025-05-17', 479.24, 482.36),
(1, '2025-05-18', 471.13, 468.75),
(1, '2025-05-19', 469.77, 469.83),
(2, '2025-04-20', 406.19, 405.29),
(2, '2025-04-21', 395.01, 397.27),
(2, '2025-04-22', 407.32, 403.37),
(2, '2025-04-23', 405.45, 401.05),
(2, '2025-04-24', 395.05, 390.46),
(2, '2025-04-25', 410.69, 410.67),
(2, '2025-04-26', 397.16, 395.12),
(2, '2025-04-27', 412.87, 409.11),
(2, '2025-04-28', 395.5, 396.01),
(2, '2025-04-29', 412.84, 408.2),
(2, '2025-04-30', 404.91, 408.79),
(2, '2025-05-01', 400.96, 400.86),
(2, '2025-05-02', 411.96, 415.33),
(2, '2025-05-03', 410.13, 413.95),
(2, '2025-05-04', 402.76, 400.14),
(2, '2025-05-05', 398.28, 401.64),
(2, '2025-05-06', 397.12, 393.46),
(2, '2025-05-07', 403.39, 398.8),
(2, '2025-05-08', 413.58, 410.24),
(2, '2025-05-09', 401.19, 404.84),
(2, '2025-05-10', 414.11, 415.95),
(2, '2025-05-11', 414.0, 415.33),
(2, '2025-05-12', 406.31, 404.93),
(2, '2025-05-13', 406.81, 405.38),
(2, '2025-05-14', 395.68, 391.31),
(2, '2025-05-15', 395.31, 397.93),
(2, '2025-05-16', 410.45, 410.63),
(2, '2025-05-17', 409.24, 410.36),
(2, '2025-05-18', 410.48, 411.8),
(2, '2025-05-19', 400.56, 404.5),
(3, '2025-04-20', 419.27, 416.47),
(3, '2025-04-21', 422.25, 419.49),
(3, '2025-04-22', 414.31, 417.97),
(3, '2025-04-23', 407.96, 410.92),
(3, '2025-04-24', 412.53, 410.27),
(3, '2025-04-25', 419.94, 417.47),
(3, '2025-04-26', 406.74, 404.71),
(3, '2025-04-27', 421.95, 421.61),
(3, '2025-04-28', 424.31, 427.09),
(3, '2025-04-29', 410.07, 414.2),
(3, '2025-04-30', 419.47, 424.03),
(3, '2025-05-01', 413.0, 408.56),
(3, '2025-05-02', 413.45, 412.82),
(3, '2025-05-03', 416.24, 416.32),
(3, '2025-05-04', 421.96, 423.92),
(3, '2025-05-05', 405.96, 404.06),
(3, '2025-05-06', 408.05, 412.53),
(3, '2025-05-07', 415.71, 419.6),
(3, '2025-05-08', 407.93, 406.41),
(3, '2025-05-09', 420.1, 424.79),
(3, '2025-05-10', 425.17, 425.77),
(3, '2025-05-11', 415.32, 411.16),
(3, '2025-05-12', 418.86, 415.94),
(3, '2025-05-13', 424.58, 426.06),
(3, '2025-05-14', 419.3, 422.52),
(3, '2025-05-15', 418.29, 418.5),
(3, '2025-05-16', 411.39, 416.32),
(3, '2025-05-17', 422.6, 417.83),
(3, '2025-05-18', 418.98, 421.05),
(3, '2025-05-19', 408.76, 413.74),
(4, '2025-04-20', 240.8, 242.93),
(4, '2025-04-21', 249.28, 247.45),
(4, '2025-04-22', 244.44, 242.29),
(4, '2025-04-23', 256.04, 256.93),
(4, '2025-04-24', 241.82, 242.89),
(4, '2025-04-25', 240.83, 242.42),
(4, '2025-04-26', 246.66, 250.46),
(4, '2025-04-27', 252.47, 255.85),
(4, '2025-04-28', 240.12, 235.45),
(4, '2025-04-29', 248.97, 251.78),
(4, '2025-04-30', 245.9, 249.39),
(4, '2025-05-01', 244.55, 243.94),
(4, '2025-05-02', 241.77, 238.89),
(4, '2025-05-03', 246.59, 242.53),
(4, '2025-05-04', 246.54, 244.93),
(4, '2025-05-05', 247.04, 248.43),
(4, '2025-05-06', 239.01, 240.25),
(4, '2025-05-07', 243.02, 240.28),
(4, '2025-05-08', 238.09, 237.23),
(4, '2025-05-09', 247.07, 245.87),
(4, '2025-05-10', 243.67, 244.04),
(4, '2025-05-11', 244.44, 248.62),
(4, '2025-05-12', 240.47, 240.63),
(4, '2025-05-13', 237.63, 232.79),
(4, '2025-05-14', 238.57, 234.79),
(4, '2025-05-15', 243.57, 247.63),
(4, '2025-05-16', 250.95, 251.27),
(4, '2025-05-17', 253.73, 255.69),
(4, '2025-05-18', 240.51, 243.74),
(4, '2025-05-19', 257.35, 254.59),
(5, '2025-04-20', 476.83, 473.86),
(5, '2025-04-21', 489.06, 485.4),
(5, '2025-04-22', 482.09, 481.22),
(5, '2025-04-23', 470.82, 466.08),
(5, '2025-04-24', 489.17, 485.57),
(5, '2025-04-25', 488.0, 490.76),
(5, '2025-04-26', 489.82, 488.41),
(5, '2025-04-27', 485.81, 481.84),
(5, '2025-04-28', 476.21, 472.18),
(5, '2025-04-29', 482.8, 480.37),
(5, '2025-04-30', 486.13, 481.83),
(5, '2025-05-01', 484.82, 481.24),
(5, '2025-05-02', 483.49, 483.95),
(5, '2025-05-03', 488.73, 493.62),
(5, '2025-05-04', 473.63, 475.12),
(5, '2025-05-05', 480.53, 483.19),
(5, '2025-05-06', 474.67, 470.95),
(5, '2025-05-07', 488.83, 487.36),
(5, '2025-05-08', 473.54, 476.31),
(5, '2025-05-09', 485.25, 488.17),
(5, '2025-05-10', 484.7, 483.39),
(5, '2025-05-11', 489.2, 492.42),
(5, '2025-05-12', 472.23, 467.93),
(5, '2025-05-13', 483.21, 488.11),
(5, '2025-05-14', 475.36, 479.97),
(5, '2025-05-15', 485.99, 484.61),
(5, '2025-05-16', 470.95, 470.98),
(5, '2025-05-17', 475.07, 475.84),
(5, '2025-05-18', 487.93, 492.59),
(5, '2025-05-19', 473.98, 476.88),
(6, '2025-04-20', 176.26, 174.35),
(6, '2025-04-21', 186.55, 182.97),
(6, '2025-04-22', 181.3, 176.94),
(6, '2025-04-23', 184.53, 179.68),
(6, '2025-04-24', 175.41, 177.04),
(6, '2025-04-25', 175.55, 176.79),
(6, '2025-04-26', 184.0, 181.43),
(6, '2025-04-27', 188.75, 190.55),
(6, '2025-04-28', 187.74, 185.26),
(6, '2025-04-29', 193.02, 190.28),
(6, '2025-04-30', 187.85, 189.06),
(6, '2025-05-01', 186.11, 190.79),
(6, '2025-05-02', 187.86, 190.75),
(6, '2025-05-03', 177.94, 177.99),
(6, '2025-05-04', 193.39, 197.08),
(6, '2025-05-05', 175.95, 173.69),
(6, '2025-05-06', 191.75, 195.23),
(6, '2025-05-07', 188.83, 189.49),
(6, '2025-05-08', 185.8, 189.85),
(6, '2025-05-09', 187.88, 183.68),
(6, '2025-05-10', 188.93, 192.85),
(6, '2025-05-11', 192.81, 195.76),
(6, '2025-05-12', 181.88, 186.55),
(6, '2025-05-13', 185.52, 182.25),
(6, '2025-05-14', 189.33, 185.76),
(6, '2025-05-15', 188.37, 185.75),
(6, '2025-05-16', 183.21, 181.69),
(6, '2025-05-17', 175.31, 179.23),
(6, '2025-05-18', 191.1, 194.42),
(6, '2025-05-19', 184.66, 181.0),
(7, '2025-04-20', 328.34, 324.47),
(7, '2025-04-21', 325.08, 321.41),
(7, '2025-04-22', 338.2, 342.17),
(7, '2025-04-23', 330.46, 327.4),
(7, '2025-04-24', 324.77, 329.55),
(7, '2025-04-25', 333.19, 329.64),
(7, '2025-04-26', 328.47, 331.7),
(7, '2025-04-27', 342.02, 342.61),
(7, '2025-04-28', 327.41, 326.97),
(7, '2025-04-29', 329.79, 334.67),
(7, '2025-04-30', 324.88, 322.03),
(7, '2025-05-01', 323.16, 325.59),
(7, '2025-05-02', 323.96, 322.69),
(7, '2025-05-03', 340.16, 342.31),
(7, '2025-05-04', 332.63, 333.75),
(7, '2025-05-05', 331.95, 334.72),
(7, '2025-05-06', 332.61, 336.93),
(7, '2025-05-07', 331.91, 331.4),
(7, '2025-05-08', 342.25, 346.55),
(7, '2025-05-09', 335.55, 337.94),
(7, '2025-05-10', 339.64, 340.97),
(7, '2025-05-11', 340.72, 336.74),
(7, '2025-05-12', 329.75, 331.13),
(7, '2025-05-13', 338.02, 339.84),
(7, '2025-05-14', 332.91, 328.79),
(7, '2025-05-15', 334.44, 336.49),
(7, '2025-05-16', 340.12, 337.72),
(7, '2025-05-17', 338.08, 337.87),
(7, '2025-05-18', 326.66, 323.22),
(7, '2025-05-19', 326.19, 322.56),
(8, '2025-04-20', 480.13, 485.01),
(8, '2025-04-21', 488.27, 492.76),
(8, '2025-04-22', 488.87, 486.6),
(8, '2025-04-23', 477.71, 480.57),
(8, '2025-04-24', 476.56, 472.11),
(8, '2025-04-25', 478.39, 478.23),
(8, '2025-04-26', 474.58, 477.37),
(8, '2025-04-27', 474.51, 471.73),
(8, '2025-04-28', 474.59, 475.58),
(8, '2025-04-29', 484.9, 486.5),
(8, '2025-04-30', 481.74, 486.11),
(8, '2025-05-01', 485.74, 485.09),
(8, '2025-05-02', 489.21, 484.59),
(8, '2025-05-03', 485.47, 487.82),
(8, '2025-05-04', 487.9, 490.02),
(8, '2025-05-05', 477.17, 475.82),
(8, '2025-05-06', 480.74, 477.83),
(8, '2025-05-07', 476.32, 473.11),
(8, '2025-05-08', 485.8, 484.76),
(8, '2025-05-09', 477.68, 475.31),
(8, '2025-05-10', 473.14, 468.97),
(8, '2025-05-11', 488.85, 488.15),
(8, '2025-05-12', 473.84, 469.04),
(8, '2025-05-13', 484.87, 481.3),
(8, '2025-05-14', 486.39, 489.51),
(8, '2025-05-15', 480.83, 483.81),
(8, '2025-05-16', 485.94, 481.25),
(8, '2025-05-17', 473.24, 477.97),
(8, '2025-05-18', 478.8, 483.5),
(8, '2025-05-19', 472.49, 471.8),
(9, '2025-04-20', 143.42, 148.21),
(9, '2025-04-21', 136.52, 134.26),
(9, '2025-04-22', 138.05, 136.21),
(9, '2025-04-23', 125.04, 129.94),
(9, '2025-04-24', 132.18, 132.11),
(9, '2025-04-25', 126.97, 131.44),
(9, '2025-04-26', 126.09, 127.59),
(9, '2025-04-27', 134.48, 138.21),
(9, '2025-04-28', 125.76, 123.9),
(9, '2025-04-29', 134.68, 135.14),
(9, '2025-04-30', 138.47, 138.08),
(9, '2025-05-01', 131.49, 136.31),
(9, '2025-05-02', 131.73, 127.23),
(9, '2025-05-03', 127.91, 123.56),
(9, '2025-05-04', 135.35, 137.37),
(9, '2025-05-05', 142.94, 147.61),
(9, '2025-05-06', 134.1, 135.67),
(9, '2025-05-07', 132.21, 132.32),
(9, '2025-05-08', 139.08, 136.43),
(9, '2025-05-09', 135.28, 134.35),
(9, '2025-05-10', 127.77, 132.54),
(9, '2025-05-11', 129.69, 134.49),
(9, '2025-05-12', 142.22, 144.58),
(9, '2025-05-13', 127.13, 122.59),
(9, '2025-05-14', 126.26, 129.37),
(9, '2025-05-15', 137.37, 133.78),
(9, '2025-05-16', 128.94, 127.56),
(9, '2025-05-17', 134.45, 135.41),
(9, '2025-05-18', 127.21, 131.46),
(9, '2025-05-19', 133.25, 138.04),
(10, '2025-04-20', 187.38, 186.88),
(10, '2025-04-21', 192.89, 189.47),
(10, '2025-04-22', 198.21, 199.08),
(10, '2025-04-23', 201.69, 202.6),
(10, '2025-04-24', 200.62, 199.67),
(10, '2025-04-25', 204.11, 207.54),
(10, '2025-04-26', 187.44, 186.34),
(10, '2025-04-27', 196.41, 197.84),
(10, '2025-04-28', 197.2, 195.52),
(10, '2025-04-29', 196.15, 200.6),
(10, '2025-04-30', 201.28, 203.39),
(10, '2025-05-01', 199.76, 199.27),
(10, '2025-05-02', 197.09, 197.58),
(10, '2025-05-03', 194.02, 193.17),
(10, '2025-05-04', 198.9, 196.25),
(10, '2025-05-05', 189.78, 188.69),
(10, '2025-05-06', 189.27, 189.1),
(10, '2025-05-07', 200.25, 203.69),
(10, '2025-05-08', 202.81, 207.45),
(10, '2025-05-09', 197.26, 201.17),
(10, '2025-05-10', 197.53, 197.48),
(10, '2025-05-11', 205.03, 207.81),
(10, '2025-05-12', 196.04, 195.53),
(10, '2025-05-13', 198.44, 201.02),
(10, '2025-05-14', 189.42, 185.47),
(10, '2025-05-15', 197.23, 199.08),
(10, '2025-05-16', 196.06, 193.25),
(10, '2025-05-17', 195.62, 196.7),
(10, '2025-05-18', 187.73, 191.81),
(10, '2025-05-19', 196.53, 192.73),
(11, '2025-04-20', 478.13, 479.91),
(11, '2025-04-21', 489.96, 492.4),
(11, '2025-04-22', 480.77, 480.45),
(11, '2025-04-23', 492.12, 490.78),
(11, '2025-04-24', 497.95, 494.05),
(11, '2025-04-25', 492.69, 491.07),
(11, '2025-04-26', 480.49, 479.28),
(11, '2025-04-27', 495.64, 499.74),
(11, '2025-04-28', 482.63, 483.46),
(11, '2025-04-29', 495.22, 491.14),
(11, '2025-04-30', 485.27, 485.87),
(11, '2025-05-01', 480.95, 480.99),
(11, '2025-05-02', 483.7, 481.8),
(11, '2025-05-03', 482.75, 486.96),
(11, '2025-05-04', 488.15, 491.18),
(11, '2025-05-05', 482.73, 486.75),
(11, '2025-05-06', 483.21, 478.74),
(11, '2025-05-07', 495.76, 499.07),
(11, '2025-05-08', 486.52, 487.34),
(11, '2025-05-09', 487.33, 489.05),
(11, '2025-05-10', 487.69, 490.97),
(11, '2025-05-11', 492.93, 489.49),
(11, '2025-05-12', 480.33, 481.92),
(11, '2025-05-13', 478.66, 474.62),
(11, '2025-05-14', 480.11, 478.5),
(11, '2025-05-15', 489.61, 485.02),
(11, '2025-05-16', 487.15, 482.7),
(11, '2025-05-17', 492.3, 491.19),
(11, '2025-05-18', 479.92, 483.21),
(11, '2025-05-19', 480.44, 480.54),
(12, '2025-04-20', 292.17, 288.91),
(12, '2025-04-21', 297.72, 302.56),
(12, '2025-04-22', 303.33, 298.88),
(12, '2025-04-23', 290.8, 291.74),
(12, '2025-04-24', 305.57, 309.93),
(12, '2025-04-25', 309.17, 313.45),
(12, '2025-04-26', 304.56, 301.51),
(12, '2025-04-27', 291.84, 287.27),
(12, '2025-04-28', 300.96, 298.32),
(12, '2025-04-29', 294.82, 289.9),
(12, '2025-04-30', 298.35, 299.26),
(12, '2025-05-01', 291.86, 287.02),
(12, '2025-05-02', 294.37, 299.17),
(12, '2025-05-03', 307.66, 308.16),
(12, '2025-05-04', 292.92, 290.13),
(12, '2025-05-05', 305.42, 309.7),
(12, '2025-05-06', 298.93, 303.01),
(12, '2025-05-07', 300.98, 301.87),
(12, '2025-05-08', 294.52, 297.65),
(12, '2025-05-09', 298.99, 297.19),
(12, '2025-05-10', 304.39, 301.66),
(12, '2025-05-11', 292.66, 288.53),
(12, '2025-05-12', 306.2, 308.66),
(12, '2025-05-13', 301.46, 298.03),
(12, '2025-05-14', 290.21, 285.6),
(12, '2025-05-15', 301.56, 298.53),
(12, '2025-05-16', 295.38, 296.86),
(12, '2025-05-17', 292.2, 294.69),
(12, '2025-05-18', 296.99, 295.68),
(12, '2025-05-19', 292.45, 290.18),
(13, '2025-04-20', 155.08, 154.47),
(13, '2025-04-21', 144.69, 146.56),
(13, '2025-04-22', 156.37, 155.63),
(13, '2025-04-23', 156.97, 159.86),
(13, '2025-04-24', 144.39, 139.43),
(13, '2025-04-25', 149.7, 148.88),
(13, '2025-04-26', 160.49, 160.63),
(13, '2025-04-27', 150.97, 155.41),
(13, '2025-04-28', 156.38, 155.12),
(13, '2025-04-29', 157.64, 154.0),
(13, '2025-04-30', 157.22, 158.27),
(13, '2025-05-01', 150.18, 150.28),
(13, '2025-05-02', 162.81, 159.77),
(13, '2025-05-03', 152.81, 148.08),
(13, '2025-05-04', 148.53, 149.14),
(13, '2025-05-05', 149.69, 153.08),
(13, '2025-05-06', 153.7, 154.6),
(13, '2025-05-07', 145.83, 143.52),
(13, '2025-05-08', 154.19, 149.75),
(13, '2025-05-09', 147.7, 146.3),
(13, '2025-05-10', 158.44, 162.06),
(13, '2025-05-11', 160.04, 156.99),
(13, '2025-05-12', 159.7, 159.31),
(13, '2025-05-13', 162.8, 160.93),
(13, '2025-05-14', 144.31, 147.24),
(13, '2025-05-15', 149.12, 152.47),
(13, '2025-05-16', 144.22, 139.64),
(13, '2025-05-17', 158.53, 157.57),
(13, '2025-05-18', 159.73, 159.13),
(13, '2025-05-19', 144.69, 140.55),
(14, '2025-04-20', 279.08, 277.26),
(14, '2025-04-21', 282.78, 278.37),
(14, '2025-04-22', 283.61, 282.66),
(14, '2025-04-23', 274.61, 269.98),
(14, '2025-04-24', 272.37, 276.78),
(14, '2025-04-25', 284.28, 285.08),
(14, '2025-04-26', 275.66, 273.92),
(14, '2025-04-27', 278.66, 277.64),
(14, '2025-04-28', 274.6, 276.37),
(14, '2025-04-29', 279.27, 282.6),
(14, '2025-04-30', 283.69, 282.69),
(14, '2025-05-01', 280.88, 282.62),
(14, '2025-05-02', 274.56, 276.65),
(14, '2025-05-03', 273.73, 272.4),
(14, '2025-05-04', 283.22, 286.68),
(14, '2025-05-05', 269.17, 267.3),
(14, '2025-05-06', 277.54, 282.29),
(14, '2025-05-07', 272.61, 275.16),
(14, '2025-05-08', 272.76, 272.06),
(14, '2025-05-09', 271.25, 266.87),
(14, '2025-05-10', 281.57, 283.67),
(14, '2025-05-11', 273.46, 273.3),
(14, '2025-05-12', 285.79, 283.26),
(14, '2025-05-13', 286.94, 284.7),
(14, '2025-05-14', 278.89, 276.33),
(14, '2025-05-15', 273.61, 270.06),
(14, '2025-05-16', 276.3, 273.66),
(14, '2025-05-17', 272.25, 269.93),
(14, '2025-05-18', 278.24, 273.63),
(14, '2025-05-19', 281.25, 281.03),
(15, '2025-04-20', 400.59, 398.37),
(15, '2025-04-21', 389.35, 387.19),
(15, '2025-04-22', 402.69, 400.76),
(15, '2025-04-23', 390.81, 388.51),
(15, '2025-04-24', 389.66, 385.73),
(15, '2025-04-25', 392.41, 396.48),
(15, '2025-04-26', 398.35, 393.73),
(15, '2025-04-27', 394.89, 393.06),
(15, '2025-04-28', 388.89, 386.18),
(15, '2025-04-29', 390.0, 390.84),
(15, '2025-04-30', 388.88, 392.99),
(15, '2025-05-01', 406.63, 407.24),
(15, '2025-05-02', 394.32, 393.11),
(15, '2025-05-03', 391.6, 396.59),
(15, '2025-05-04', 392.9, 395.76),
(15, '2025-05-05', 396.92, 400.12),
(15, '2025-05-06', 395.08, 397.24),
(15, '2025-05-07', 400.5, 401.41),
(15, '2025-05-08', 400.76, 403.22),
(15, '2025-05-09', 398.89, 400.18),
(15, '2025-05-10', 407.03, 408.19),
(15, '2025-05-11', 390.91, 386.69),
(15, '2025-05-12', 395.44, 400.02),
(15, '2025-05-13', 392.29, 387.59),
(15, '2025-05-14', 393.8, 397.73),
(15, '2025-05-15', 395.57, 396.17),
(15, '2025-05-16', 394.07, 394.72),
(15, '2025-05-17', 403.88, 405.33),
(15, '2025-05-18', 404.96, 408.68),
(15, '2025-05-19', 390.72, 393.98),
(16, '2025-04-20', 495.06, 491.55),
(16, '2025-04-21', 488.23, 488.32),
(16, '2025-04-22', 491.73, 491.12),
(16, '2025-04-23', 486.16, 490.16),
(16, '2025-04-24', 485.9, 486.04),
(16, '2025-04-25', 498.15, 498.29),
(16, '2025-04-26', 498.25, 500.59),
(16, '2025-04-27', 491.34, 486.97),
(16, '2025-04-28', 499.38, 497.36),
(16, '2025-04-29', 499.12, 500.07),
(16, '2025-04-30', 483.39, 482.23),
(16, '2025-05-01', 494.82, 499.39),
(16, '2025-05-02', 491.33, 486.97),
(16, '2025-05-03', 488.96, 492.74),
(16, '2025-05-04', 485.42, 486.67),
(16, '2025-05-05', 496.74, 495.16),
(16, '2025-05-06', 486.77, 488.26),
(16, '2025-05-07', 500.61, 496.6),
(16, '2025-05-08', 492.31, 490.17),
(16, '2025-05-09', 483.22, 479.83),
(16, '2025-05-10', 487.17, 487.0),
(16, '2025-05-11', 488.52, 491.99),
(16, '2025-05-12', 499.88, 504.54),
(16, '2025-05-13', 499.53, 495.2),
(16, '2025-05-14', 487.14, 490.22),
(16, '2025-05-15', 482.43, 485.13),
(16, '2025-05-16', 484.42, 484.23),
(16, '2025-05-17', 495.36, 494.35),
(16, '2025-05-18', 483.52, 484.09),
(16, '2025-05-19', 501.55, 503.7),
(17, '2025-04-20', 396.22, 394.31),
(17, '2025-04-21', 397.73, 398.8),
(17, '2025-04-22', 382.9, 383.34),
(17, '2025-04-23', 384.29, 383.81),
(17, '2025-04-24', 392.93, 389.42),
(17, '2025-04-25', 388.13, 386.28),
(17, '2025-04-26', 388.1, 386.19),
(17, '2025-04-27', 387.46, 386.21),
(17, '2025-04-28', 380.02, 382.92),
(17, '2025-04-29', 392.29, 396.23),
(17, '2025-04-30', 396.06, 397.97),
(17, '2025-05-01', 382.74, 385.38),
(17, '2025-05-02', 397.72, 394.07),
(17, '2025-05-03', 381.02, 379.52),
(17, '2025-05-04', 381.77, 385.81),
(17, '2025-05-05', 381.91, 380.11),
(17, '2025-05-06', 395.06, 392.35),
(17, '2025-05-07', 380.91, 376.82),
(17, '2025-05-08', 390.18, 388.72),
(17, '2025-05-09', 387.97, 388.01),
(17, '2025-05-10', 396.58, 400.38),
(17, '2025-05-11', 385.31, 389.53),
(17, '2025-05-12', 389.18, 384.41),
(17, '2025-05-13', 395.8, 400.18),
(17, '2025-05-14', 386.82, 391.13),
(17, '2025-05-15', 391.09, 391.58),
(17, '2025-05-16', 378.97, 379.14),
(17, '2025-05-17', 393.97, 397.36),
(17, '2025-05-18', 387.07, 384.52),
(17, '2025-05-19', 394.46, 392.09),
(18, '2025-04-20', 464.31, 469.12),
(18, '2025-04-21', 453.57, 450.6),
(18, '2025-04-22', 457.06, 455.49),
(18, '2025-04-23', 454.47, 456.18),
(18, '2025-04-24', 456.89, 455.14),
(18, '2025-04-25', 458.62, 459.55),
(18, '2025-04-26', 457.93, 456.8),
(18, '2025-04-27', 461.73, 462.71),
(18, '2025-04-28', 458.3, 457.88),
(18, '2025-04-29', 455.58, 458.14),
(18, '2025-04-30', 470.77, 468.55),
(18, '2025-05-01', 467.92, 464.56),
(18, '2025-05-02', 464.42, 459.95),
(18, '2025-05-03', 464.61, 465.11),
(18, '2025-05-04', 463.02, 467.06),
(18, '2025-05-05', 457.29, 455.42),
(18, '2025-05-06', 470.17, 470.03),
(18, '2025-05-07', 455.14, 460.07),
(18, '2025-05-08', 467.85, 465.55),
(18, '2025-05-09', 471.37, 468.52),
(18, '2025-05-10', 460.02, 462.91),
(18, '2025-05-11', 457.18, 456.88),
(18, '2025-05-12', 453.12, 456.86),
(18, '2025-05-13', 458.2, 457.63),
(18, '2025-05-14', 466.82, 464.28),
(18, '2025-05-15', 454.24, 453.64),
(18, '2025-05-16', 469.62, 470.02),
(18, '2025-05-17', 466.92, 467.83),
(18, '2025-05-18', 462.61, 461.61),
(18, '2025-05-19', 456.75, 461.18),
(19, '2025-04-20', 384.57, 382.2),
(19, '2025-04-21', 377.16, 381.62),
(19, '2025-04-22', 387.97, 392.1),
(19, '2025-04-23', 374.41, 377.48),
(19, '2025-04-24', 386.4, 383.89),
(19, '2025-04-25', 384.0, 386.31),
(19, '2025-04-26', 377.53, 374.56),
(19, '2025-04-27', 377.77, 377.08),
(19, '2025-04-28', 384.55, 385.7),
(19, '2025-04-29', 373.02, 377.97),
(19, '2025-04-30', 388.93, 390.17),
(19, '2025-05-01', 388.35, 383.51),
(19, '2025-05-02', 384.21, 387.73),
(19, '2025-05-03', 370.57, 371.41),
(19, '2025-05-04', 375.27, 371.28),
(19, '2025-05-05', 370.55, 375.43),
(19, '2025-05-06', 380.86, 376.67),
(19, '2025-05-07', 372.46, 376.08),
(19, '2025-05-08', 387.09, 382.65),
(19, '2025-05-09', 384.46, 387.15),
(19, '2025-05-10', 383.3, 386.01),
(19, '2025-05-11', 381.29, 380.25),
(19, '2025-05-12', 373.25, 373.43),
(19, '2025-05-13', 385.79, 380.8),
(19, '2025-05-14', 386.14, 388.58),
(19, '2025-05-15', 388.61, 389.8),
(19, '2025-05-16', 388.94, 388.47),
(19, '2025-05-17', 377.0, 379.88),
(19, '2025-05-18', 380.44, 381.65),
(19, '2025-05-19', 385.02, 388.91),
(20, '2025-04-20', 247.39, 242.56),
(20, '2025-04-21', 250.93, 252.57),
(20, '2025-04-22', 247.97, 244.11),
(20, '2025-04-23', 252.48, 248.6),
(20, '2025-04-24', 265.83, 264.01),
(20, '2025-04-25', 261.81, 266.67),
(20, '2025-04-26', 247.2, 252.01),
(20, '2025-04-27', 259.51, 256.46),
(20, '2025-04-28', 266.28, 262.99),
(20, '2025-04-29', 249.13, 253.31),
(20, '2025-04-30', 261.37, 256.39),
(20, '2025-05-01', 258.35, 262.68),
(20, '2025-05-02', 266.04, 268.54),
(20, '2025-05-03', 254.91, 259.12),
(20, '2025-05-04', 265.63, 263.37),
(20, '2025-05-05', 253.19, 254.18),
(20, '2025-05-06', 261.4, 261.27),
(20, '2025-05-07', 262.97, 266.91),
(20, '2025-05-08', 256.58, 256.98),
(20, '2025-05-09', 255.15, 253.34),
(20, '2025-05-10', 253.55, 254.82),
(20, '2025-05-11', 259.77, 263.79),
(20, '2025-05-12', 259.78, 256.59),
(20, '2025-05-13', 257.01, 253.92),
(20, '2025-05-14', 246.53, 243.53),
(20, '2025-05-15', 256.03, 255.39),
(20, '2025-05-16', 259.32, 254.71),
(20, '2025-05-17', 249.67, 251.39),
(20, '2025-05-18', 257.02, 260.81),
(20, '2025-05-19', 265.81, 268.39);
END
--Creating/Using Forth Table
IF NOT EXISTS (
    SELECT * FROM INFORMATION_SCHEMA.TABLES 
    WHERE TABLE_NAME = 'Trades' AND TABLE_TYPE = 'BASE TABLE'
)

BEGIN
	EXEC('
    CREATE TABLE Trades (
    TradeID INT PRIMARY KEY IDENTITY(1,1),
    UserID INT FOREIGN KEY REFERENCES Users(UserID),
    Ticker NVARCHAR(10) NOT NULL,
    TradeDate DATE NOT NULL,
    Action VARCHAR(4),
    Price DECIMAL(10,2) CHECK (Price > 0),
    Shares DECIMAL(10,4) CHECK (Shares > 0),
    Strategy VARCHAR(50) NOT NULL,
    CONSTRAINT FK_Trades_Users FOREIGN KEY (UserID) REFERENCES Users(UserID),
    CONSTRAINT FK_Trades_Stocks FOREIGN KEY (Ticker) REFERENCES Stocks(Ticker)
	)'
	);
END
GO
--Inserting Data to Trades
IF NOT EXISTS (SELECT 1 FROM Trades)
BEGIN
INSERT INTO Trades (UserID, Ticker, TradeDate, Action, Price, Shares, Strategy) VALUES
(1, 'TSLA', '2025-05-02', 'BUY', 346.20, 3.2145, 'Breakout'),
(2, 'AAPL', '2025-04-25', 'SELL', 192.10, 5.5000, 'Earnings'),
(3, 'NVDA', '2025-04-19', 'BUY', 945.50, 1.1100, 'Long Term'),
(4, 'AMZN', '2025-04-12', 'BUY', 125.75, 6.3200, 'Dip Buy'),
(5, 'GOOGL', '2025-03-28', 'SELL', 136.80, 2.8000, 'Trend'),
(6, 'META', '2025-03-15', 'BUY', 325.30, 4.0000, 'Momentum'),
(7, 'NFLX', '2025-03-01', 'SELL', 405.80, 3.2100, 'Swing'),
(8, 'NVDA', '2025-02-22', 'BUY', 872.10, 1.5400, 'Earnings'),
(9, 'INTC', '2025-02-10', 'BUY', 42.60, 10.0000, 'Long Term'),
(10, 'AMD', '2025-01-31', 'SELL', 110.40, 7.7500, 'Breakout'),
(11, 'PYPL', '2025-01-20', 'BUY', 63.10, 8.5000, 'Reversal'),
(12, 'UBER', '2025-01-10', 'BUY', 67.30, 5.7500, 'Momentum'),
(13, 'BABA', '2024-12-30', 'SELL', 94.60, 4.2000, 'Gap Fill'),
(14, 'PFE', '2024-12-18', 'BUY', 37.80, 12.2000, 'Value'),
(15, 'JNJ', '2024-12-05', 'SELL', 159.20, 3.9000, 'Breakout'),
(16, 'KO', '2024-11-22', 'BUY', 58.90, 15.0000, 'Long Term'),
(17, 'NKE', '2024-11-10', 'SELL', 112.40, 4.3500, 'Trend'),
(18, 'DIS', '2024-10-30', 'BUY', 89.50, 6.0000, 'Earnings'),
(19, 'XOM', '2024-10-15', 'BUY', 108.60, 3.0000, 'Dividend'),
(20, 'CVX', '2024-10-01', 'SELL', 159.10, 2.8000, 'Swing'),
(1, 'TSLA', '2024-09-18', 'BUY', 280.40, 3.3000, 'Breakout'),
(2, 'AAPL', '2024-09-06', 'SELL', 178.20, 2.9500, 'Earnings'),
(3, 'NVDA', '2024-08-20', 'BUY', 842.00, 1.8000, 'Momentum'),
(4, 'AMZN', '2024-08-06', 'BUY', 120.00, 8.0000, 'Dip Buy'),
(5, 'GOOGL', '2024-07-24', 'SELL', 129.80, 2.6000, 'Trend'),
(6, 'META', '2024-07-10', 'BUY', 305.00, 4.2500, 'Momentum'),
(7, 'NFLX', '2024-06-28', 'SELL', 390.00, 3.7000, 'Swing'),
(8, 'NVDA', '2024-06-12', 'BUY', 810.00, 1.7000, 'Earnings'),
(9, 'INTC', '2024-05-31', 'BUY', 40.00, 9.0000, 'Long Term'),
(10, 'AMD', '2024-05-15', 'SELL', 102.50, 6.8000, 'Breakout'),
(11, 'PYPL', '2024-05-01', 'BUY', 58.20, 10.0000, 'Reversal'),
(12, 'UBER', '2024-04-20', 'BUY', 64.00, 5.2000, 'Momentum'),
(13, 'BABA', '2024-04-07', 'SELL', 90.00, 3.8000, 'Gap Fill'),
(14, 'PFE', '2024-03-25', 'BUY', 35.50, 11.5000, 'Value'),
(15, 'JNJ', '2024-03-10', 'SELL', 154.00, 4.1000, 'Breakout'),
(16, 'KO', '2024-02-24', 'BUY', 57.00, 14.5000, 'Long Term'),
(17, 'NKE', '2024-02-10', 'SELL', 109.00, 5.0000, 'Trend'),
(18, 'DIS', '2024-01-30', 'BUY', 85.00, 7.0000, 'Earnings'),
(19, 'XOM', '2024-01-14', 'BUY', 104.50, 2.7500, 'Dividend'),
(20, 'CVX', '2024-01-01', 'SELL', 150.00, 3.5000, 'Swing'),
(1, 'TSLA', '2024-12-15', 'BUY', 260.00, 4.0000, 'Breakout'),
(2, 'AAPL', '2024-12-01', 'SELL', 172.00, 3.0000, 'Earnings'),
(3, 'NVDA', '2024-11-19', 'BUY', 770.00, 1.6000, 'Momentum'),
(4, 'AMZN', '2024-11-05', 'BUY', 115.00, 9.0000, 'Dip Buy'),
(5, 'GOOGL', '2024-10-22', 'SELL', 125.00, 3.0000, 'Trend'),
(6, 'META', '2024-10-08', 'BUY', 295.00, 5.0000, 'Momentum'),
(7, 'NFLX', '2024-09-25', 'SELL', 375.00, 3.6000, 'Swing'),
(8, 'NVDA', '2024-09-10', 'BUY', 720.00, 2.0000, 'Earnings'),
(9, 'INTC', '2024-08-29', 'BUY', 39.00, 10.0000, 'Long Term'),
(10, 'AMD', '2024-08-15', 'SELL', 97.00, 6.0000, 'Breakout'),
(4, 'AAPL', '2025-05-01', 'BUY', 189.34, 5.2000, 'Pullback'),
(9, 'AMZN', '2025-05-02', 'BUY', 125.78, 3.1000, 'Breakout'),
(7, 'GOOGL', '2025-05-03', 'SELL', 142.22, 1.5000, 'News Catalyst'),
(15, 'TSLA', '2025-05-01', 'SELL', 346.50, 2.0000, 'Reversal'),
(3, 'MSFT', '2025-05-05', 'BUY', 409.11, 4.0000, 'Swing Entry'),
(10, 'NVDA', '2025-05-06', 'BUY', 126.50, 7.0000, 'Long Term'),
(12, 'META', '2025-05-07', 'SELL', 296.80, 2.5000, 'Trend Exit'),
(18, 'DIS', '2025-05-03', 'BUY', 102.00, 10.0000, 'Support Zone'),
(5, 'NFLX', '2025-05-04', 'BUY', 540.25, 0.8000, 'Breakout'),
(14, 'UBER', '2025-05-02', 'SELL', 71.30, 6.0000, 'Gap Fill'),
(2, 'KO', '2025-05-06', 'BUY', 61.12, 8.3000, 'Low Volatility'),
(17, 'NKE', '2025-05-05', 'SELL', 89.76, 3.0000, 'Profit Lock'),
(6, 'PFE', '2025-05-01', 'BUY', 34.10, 12.0000, 'Recovery Bet'),
(11, 'JNJ', '2025-05-06', 'BUY', 155.20, 2.1000, 'Defensive Pick'),
(1, 'AMD', '2025-05-03', 'SELL', 124.00, 5.2000, 'Overbought Exit'),
(8, 'INTC', '2025-05-02', 'BUY', 45.70, 6.0000, 'Fundamental Pick'),
(20, 'BABA', '2025-05-07', 'BUY', 89.90, 4.0000, 'China Play'),
(13, 'CVX', '2025-05-06', 'SELL', 161.50, 3.5000, 'Oil Reversal'),
(19, 'XOM', '2025-05-05', 'BUY', 120.00, 3.0000, 'Sector Momentum'),
(16, 'PYPL', '2025-05-03', 'SELL', 68.40, 5.5000, 'Downtrend Exit'),
(9, 'AMZN', '2025-05-04', 'SELL', 129.30, 1.3000, 'Quick Flip'),
(5, 'GOOGL', '2025-05-06', 'BUY', 144.12, 2.4000, 'Bounce Setup'),
(3, 'DIS', '2025-05-07', 'SELL', 103.20, 6.7000, 'Range Top'),
(12, 'UBER', '2025-05-05', 'BUY', 72.00, 2.0000, 'Recovery Trade'),
(6, 'META', '2025-05-02', 'BUY', 298.90, 1.0000, 'Earnings Momentum'),
(14, 'TSLA', '2025-05-03', 'BUY', 348.60, 2.7500, 'Breakout Retest'),
(7, 'MSFT', '2025-05-01', 'SELL', 410.22, 1.0000, 'Target Hit'),
(18, 'JNJ', '2025-05-02', 'SELL', 154.30, 2.6000, 'Long Hold Exit'),
(4, 'AMD', '2025-05-06', 'BUY', 125.80, 4.0000, 'Strong Fundamentals'),
(2, 'PYPL', '2025-05-05', 'BUY', 69.00, 3.2000, 'Mean Reversion');
END







